Month,Name,Roll No,Subject,Teacher Name,Attendance,Start Time,End Time (mi) 
Jan,John Doe,101,Mathematics,Mr. Smith,P,08:00 AM,10:00 AM
Feb,Alice Johnson,102,Physics,Mrs. Jones,P,09:00 AM,11:00 AM
mar,Michael Smith,103,English,Ms. Brown,A,10:00 AM,12:00 PM
apr,Emily Wilson,104,History,Mr. Davis,P,11:00 AM,01:00 PM
may,David Lee,105,Chemistry,Mrs. White,A,12:00 PM,02:00 PM
jun,Sarah Clark,106,Biology,Mr. Green,A,01:00 PM,03:00 PM
Feb,Noah Rodriguez,114,Geology,Mr. Evans,A,11:30 AM,01:30 PM
jul,Jessica Taylor,107,Geography,Mrs. Black,P,02:00 PM,04:00 PM
set,Olivia Garcia,109,Art,Mr. Wilson,P,04:00 PM,06:00 PM
otc,James Rodriguez,110,Physical Education,Mrs. Martinez,P,05:00 PM,07:00 PM
nov,Sophia Harris,111,Music,Mr. Adams,A,08:30 AM,10:30 AM
dec,Ethan Clark,112,Physical Education,Mrs. Garcia,P,09:30 AM,11:30 AM
Feb,Ava Martinez,113,Science,Ms. Thompson,P,10:30 AM,12:30 PM
aug,Daniel Martinez,108,Computer Science,Ms. Gray,A,03:00 PM,05:00 PM
Feb,Isabella Lopez,115,Literature,Mrs. Hernandez,P,12:30 PM,02:30 PM
jan,Bhavin G,115,Literature,Mrs. Hernandez,P,12:30 PM,02:30 PM